{
  "project_info": {
    "project_number": "580430554025",
    "firebase_url": "https://finallocationtracker-8a9b4.firebaseio.com",
    "project_id": "finallocationtracker-8a9b4",
    "storage_bucket": "finallocationtracker-8a9b4.appspot.com"
  },
  "client": [
    {
      "client_info": {
        "mobilesdk_app_id": "1:580430554025:android:06f40bb027237631061ab8",
        "android_client_info": {
          "package_name": "com.example.finallocationtracker"
        }
      },
      "oauth_client": [
        {
          "client_id": "580430554025-87vh9oj7p6amiv5rhi4lavivq2o7lkgi.apps.googleusercontent.com",
          "client_type": 1,
          "android_info": {
            "package_name": "com.example.finallocationtracker",
            "certificate_hash": "da39a3ee5e6b4b0d3255bfef95601890afd80709"
          }
        },
        {
          "client_id": "580430554025-bck8tv2nfdibvaons46d3t8k84ptsamr.apps.googleusercontent.com",
          "client_type": 3
        }
      ],
      "api_key": [
        {
          "current_key": "AIzaSyAlw37brfvCf12JW19Hte4WH7nPeAcwE9E"
        }
      ],
      "services": {
        "appinvite_service": {
          "other_platform_oauth_client": [
            {
              "client_id": "580430554025-bck8tv2nfdibvaons46d3t8k84ptsamr.apps.googleusercontent.com",
              "client_type": 3
            }
          ]
        }
      }
    }
  ],
  "configuration_version": "1"
}